drug,smiles
GSK319347A,COC1=C(C=C2C(=C1)N=CN2C3=CC(=C(S3)C#N)OCC4=CC=CC=C4S(=O)(=O)C)OC
Lenalidomide,C1CC(=O)NC(=O)C1N2CC3=C(C2=O)C=CC=C3N
PF-4708671,CCC1=CN=CN=C1N2CCN(CC2)CC3=NC4=C(N3)C=C(C=C4)C(F)(F)F
Dabrafenib,CC(C)(C)C1=NC(=C(S1)C2=NC(=NC=C2)N)C3=C(C(=CC=C3)NS(=O)(=O)C4=C(C=CC=C4F)F)F
CAY10603,CC(C)(C)OC(=O)NC1=CC=C(C=C1)C2=CC(=NO2)C(=O)NCCCCCCC(=O)NO
SGC0946,CC(C)N(CCCNC(=O)NC1=CC=C(C=C1)C(C)(C)C)CC2C(C(C(O2)N3C=C(C4=C(N=CN=C43)N)Br)O)O
A-770041,CC(=O)N1CCN(CC1)C2CCC(CC2)N3C4=NC=NC(=C4C(=N3)C5=CC(=C(C=C5)NC(=O)C6=CC7=CC=CC=C7N6C)OC)N
Docetaxel,CC1=C2C(C(=O)C3(C(CC4C(C3C(C(C2(C)C)(CC1OC(=O)C(C(C5=CC=CC=C5)NC(=O)OC(C)(C)C)O)O)OC(=O)C6=CC=CC=C6)(CO4)OC(=O)C)O)C)O
NVP-TAE684,CC(C)S(=O)(=O)C1=CC=CC=C1NC2=NC(=NC=C2Cl)NC3=C(C=C(C=C3)N4CCC(CC4)N5CCN(CC5)C)OC
AICA Ribonucleotide,C1=NC(=C(N1C2C(C(C(O2)COP(=O)(O)O)O)O)N)C(=O)N
Z-LLNle-CHO,CCCCC(C=O)NC(=O)C(CC(C)C)NC(=O)C(CC(C)C)NC(=O)OCC1=CC=CC=C1
TPCA-1,C1=CC(=CC=C1C2=CC(=C(S2)NC(=O)N)C(=O)N)F
QL-XII-47,CN1C=C(C=N1)C2=CC3=C4C(=CN=C3C=C2)C=CC(=O)N4C5=CC6=C(CCN6C(=O)C=C)C=C5
Rapamycin,CC1CCC2CC(C(=CC=CC=CC(CC(C(=O)C(C(C(=CC(C(=O)CC(OC(=O)C3CCCCN3C(=O)C(=O)C1(O2)O)C(C)CC4CCC(C(C4)OC)O)C)C)O)OC)C)C)C)OC
Cisplatin,N.N.Cl[Pt]Cl
AS605240,C1=CC2=NC=CN=C2C=C1C=C3C(=O)NC(=O)S3
Parthenolide,CC1=CCCC2(C(O2)C3C(CC1)C(=C)C(=O)O3)C
Quizartinib,CC(C)(C)C1=CC(=NO1)NC(=O)NC2=CC=C(C=C2)C3=CN4C5=C(C=C(C=C5)OCCN6CCOCC6)SC4=N3
AS601245,C1=CC=C2C(=C1)N=C(S2)C(C#N)C3=NC(=NC=C3)NCCC4=CN=CC=C4
QS11,C1CC2=C(C1)C=C(C=C2)OC3=NC(=C4C(=N3)N(C=N4)CC5=CC=C(C=C5)C6=CC=CC=C6)NC(CC7=CC=CC=C7)CO
Mitomycin-C,CC1=C(C(=O)C2=C(C1=O)N3CC4C(C3(C2COC(=O)N)OC)N4)N
HG-5-113-01,CC(C)S(=O)(=O)C1=CC=CC=C1NC2=CC(=NC3=C2C=CN3)NC4=NC=C(C=C4)C(=O)NC
IPA-3,C1=CC=C2C(=C1)C=CC(=C2SSC3=C(C=CC4=CC=CC=C43)O)O
BMS-509744,CC1=CC(=C(C=C1SC2=CN=C(S2)NC(=O)C3=CC=C(C=C3)CNC(C)C(C)(C)C)C(=O)N4CCN(CC4)C(=O)C)OC
TL-1-85,
Zibotentan,CC1=CN=C(C(=N1)OC)NS(=O)(=O)C2=C(N=CC=C2)C3=CC=C(C=C3)C4=NN=CO4
Omipalisib,COC1=C(C=C(C=N1)C2=CC3=C(C=CN=C3C=C2)C4=CN=NC=C4)NS(=O)(=O)C5=C(C=C(C=C5)F)F
CP466722,COC1=C(C=C2C(=C1)C(=NC=N2)N3C(=NC(=N3)C4=CC=CC=N4)N)OC
Sunitinib,CCN(CC)CCNC(=O)C1=C(NC(=C1C)C=C2C3=C(C=CC(=C3)F)NC2=O)C
Dasatinib,CC1=C(C(=CC=C1)Cl)NC(=O)C2=CN=C(S2)NC3=CC(=NC(=N3)C)N4CCN(CC4)CCO
DMOG,COC(=O)CNC(=O)C(=O)OC
Daporinad,C1CN(CCC1CCCCNC(=O)C=CC2=CN=CC=C2)C(=O)C3=CC=CC=C3
GSK650394,C1CCC(C1)C2=C(C=CC(=C2)C3=CNC4=C3C=C(C=N4)C5=CC=CC=C5)C(=O)O
NG-25,CCN1CCN(CC1)CC2=C(C=C(C=C2)NC(=O)C3=CC(=C(C=C3)C)OC4=C5C=CNC5=NC=C4)C(F)(F)F
WHI-P97,COC1=C(C=C2C(=C1)C(=NC=N2)NC3=CC(=C(C(=C3)Br)O)Br)OC
PLX-4720,CCCS(=O)(=O)NC1=C(C(=C(C=C1)F)C(=O)C2=CNC3=C2C=C(C=N3)Cl)F
CP724714,CC1=NC=C(C=C1)OC2=C(C=C(C=C2)NC3=NC=NC4=C3C=C(C=C4)C=CCNC(=O)COC)C
Embelin,CCCCCCCCCCCC1=C(C(=O)C=C(C1=O)O)O
QL-X-138,CC1=C(C=C(C=C1)N2C(=O)C=CC3=CN=C4C=CC(=CC4=C32)C5=CNN=C5)NC(=O)C=C
PIK-93,CC1=C(SC(=N1)NC(=O)C)C2=CC(=C(C=C2)Cl)S(=O)(=O)NCCO
Bleomycin (50 uM),CC1=C(N=C(N=C1N)C(CC(=O)N)NCC(C(=O)N)N)C(=O)NC(C(C2=CN=CN2)OC3C(C(C(C(O3)CO)O)O)OC4C(C(C(C(O4)CO)O)OC(=O)N)O)C(=O)NC(C)C(C(C)C(=O)NC(C(C)O)C(=O)NCCC5=NC(=CS5)C6=NC(=CS6)C(=O)NCCC[S+](C)C)O
QL-XII-61,CC1=C(NC(=O)C=C)C=C(C=C1)N1C(=O)C=CC2=C1C1=CC(=CC=C1N=C2)C1=CC=C(NS(C)(=O)=O)C=C1
FR-180204,C1=CC=C(C=C1)C2=NN3C=CC=CC3=C2C4=CC5=C(NN=C5N=N4)N
HG-5-88-01,CC(C)S(=O)(=O)C1=CC=CC=C1NC2=NC(=NC(=C2Cl)N)NC3=C(C=C(C=C3)N4CCC(CC4)C(=O)N)OC
Foretinib,COC1=CC2=C(C=CN=C2C=C1OCCCN3CCOCC3)OC4=C(C=C(C=C4)NC(=O)C5(CC5)C(=O)NC6=CC=C(C=C6)F)F
Bortezomib,B(C(CC(C)C)NC(=O)C(CC1=CC=CC=C1)NC(=O)C2=NC=CN=C2)(O)O
PHA-665752,CC1=C(NC(=C1C(=O)N2CCCC2CN3CCCC3)C)C=C4C5=C(C=CC(=C5)S(=O)(=O)CC6=C(C=CC=C6Cl)Cl)NC4=O
Y-39983,CC(C1=CC=C(C=C1)C(=O)NC2=C3C=CNC3=NC=C2)N
Tivozanib,CC1=CC(=NO1)NC(=O)NC2=C(C=C(C=C2)OC3=C4C=C(C(=CC4=NC=C3)OC)OC)Cl
Enzastaurin,CN1C=C(C2=CC=CC=C21)C3=C(C(=O)NC3=O)C4=CN(C5=CC=CC=C54)C6CCN(CC6)CC7=CC=CC=N7
Piperlongumine,COC1=CC(=CC(=C1OC)OC)C=CC(=O)N2CCC=CC2=O
(5Z)-7-Oxozeaenol,CC1CC=CC(=O)C(C(CC=CC2=C(C(=CC(=C2)OC)O)C(=O)O1)O)O
FH535,CC1=C(C=CC(=C1)[N+](=O)[O-])NS(=O)(=O)C2=C(C=CC(=C2)Cl)Cl
5-Fluorouracil,C1=C(C(=O)NC(=O)N1)F
MPS-1-IN-1,OC1CCN(C2=CC=C(NC3=CC(NC4=CC=CC=C4S(=O)(C(C)C)=O)=C5C(NC=C5)=N3)C(OC)=C2)CC1.[H]Cl.[H]Cl
Temozolomide,CN1C(=O)N2C=NC(=C2N=N1)C(=O)N
Salubrinal,C1=CC=C(C=C1)C=CC(=O)NC(C(Cl)(Cl)Cl)NC(=S)NC2=CC=CC3=C2N=CC=C3
Luminespib,CCNC(=O)C1=NOC(=C1C2=CC=C(C=C2)CN3CCOCC3)C4=CC(=C(C=C4O)O)C(C)C
AT-7519,C1CNCCC1NC(=O)C2=C(C=NN2)NC(=O)C3=C(C=CC=C3Cl)Cl
Cyclopamine,CC1CC2C(C(C3(O2)CCC4C5CC=C6CC(CCC6(C5CC4=C3C)C)O)C)NC1
Wee1 Inhibitor,C1=CC=C(C(=C1)C2=CC3=C(C4=C(N3)C=CC(=C4)O)C5=C2C(=O)NC5=O)Cl
Refametinib,COC1=CC(=C(C(=C1NS(=O)(=O)C2(CC2)CC(CO)O)NC3=C(C=C(C=C3)I)F)F)F
AZ628,CC1=C(C=C(C=C1)NC(=O)C2=CC(=CC=C2)C(C)(C)C#N)NC3=CC4=C(C=C3)N=CN(C4=O)C
Rucaparib,CNCC1=CC=C(C=C1)C2=C3CCNC(=O)C4=C3C(=CC(=C4)F)N2
PD0325901,C1=CC(=C(C=C1I)F)NC2=C(C=CC(=C2F)F)C(=O)NOCC(CO)O
Pevonedistat,C1CC2=CC=CC=C2C1NC3=C4C=CN(C4=NC=N3)C5CC(C(C5)O)COS(=O)(=O)N
Linifanib,CC1=CC(=C(C=C1)F)NC(=O)NC2=CC=C(C=C2)C3=C4C(=CC=C3)NN=C4N
Navitoclax,CC1(CCC(=C(C1)CN2CCN(CC2)C3=CC=C(C=C3)C(=O)NS(=O)(=O)C4=CC(=C(C=C4)NC(CCN5CCOCC5)CSC6=CC=CC=C6)S(=O)(=O)C(F)(F)F)C7=CC=C(C=C7)Cl)C
YM201636,C1COCCN1C2=NC(=NC3=C2OC4=C3C=CC=N4)C5=CC(=CC=C5)NC(=O)C6=CN=C(C=C6)N
FMK,CC1=CC=C(C=C1)C2=C(N(C3=NC=NC(=C23)N)CCCO)C(=O)CF
Tamoxifen,CCC(=C(C1=CC=CC=C1)C2=CC=C(C=C2)OCCN(C)C)C3=CC=CC=C3
Belinostat,C1=CC=C(C=C1)NS(=O)(=O)C2=CC=CC(=C2)C=CC(=O)NO
Epothilone B,CC1CCCC2(C(O2)CC(OC(=O)CC(C(C(=O)C(C1O)C)(C)C)O)C(=CC3=CSC(=N3)C)C)C
SB52334,C1=CC=C(C=C1)C2=C(C=CC=N2)C(=O)O
S-Trityl-L-cysteine,C1=CC=C(C=C1)C(C2=CC=CC=C2)(C3=CC=CC=C3)SCC(C(=O)O)N
Cytarabine,C1=CN(C(=O)N=C1N)C2C(C(C(O2)CO)O)O
YK-4-279,COC1=CC=C(C=C1)C(=O)CC2(C3=C(C=CC(=C3NC2=O)Cl)Cl)O
XMD11-85h,CC(C)N1C(=O)CCN(C2=NC(=NC=C21)NC3=C(C=C(C=C3)C(=O)NC4CCN(CC4)C)OC)C5CCCC5
Bryostatin 1,CCCC=CC=CC(=O)OC1C(=CC(=O)OC)CC2CC(OC(=O)CC(CC3CC(C(C(O3)(CC4CC(=CC(=O)OC)CC(O4)C=CC(C1(O2)O)(C)C)O)(C)C)OC(=O)C)O)C(C)O
TGX221,CC1=CN2C(=O)C=C(N=C2C(=C1)C(C)NC3=CC=CC=C3)N4CCOCC4
Pelitinib,CCOC1=C(C=C2C(=C1)N=CC(=C2NC3=CC(=C(C=C3)F)Cl)C#N)NC(=O)C=CCN(C)C
Seliciclib,CCC(CO)NC1=NC(=C2C(=N1)N(C=N2)C(C)C)NCC3=CC=CC=C3
PFI-3,C1C2CN(C1CN2C3=CC=CC=N3)C=CC(=O)C4=CC=CC=C4O
NU7441,C1COCCN1C2=CC(=O)C3=C(O2)C(=CC=C3)C4=CC=CC5=C4SC6=CC=CC=C56
AZD7762,C1CC(CNC1)NC(=O)C2=C(C=C(S2)C3=CC(=CC=C3)F)NC(=O)N
Entinostat,C1=CC=C(C(=C1)N)NC(=O)C2=CC=C(C=C2)CNC(=O)OCC3=CN=CC=C3
RO-3306,C1=CC2=C(C=CC(=C2)C=C3C(=O)NC(=NCC4=CC=CS4)S3)N=C1
Paclitaxel,CC1=C2C(C(=O)C3(C(CC4C(C3C(C(C2(C)C)(CC1OC(=O)C(C(C5=CC=CC=C5)NC(=O)C6=CC=CC=C6)O)O)OC(=O)C7=CC=CC=C7)(CO4)OC(=O)C)O)C)OC(=O)C
Sorafenib,CNC(=O)C1=NC=CC(=C1)OC2=CC=C(C=C2)NC(=O)NC3=CC(=C(C=C3)Cl)C(F)(F)F
Saracatinib,CN1CCN(CC1)CCOC2=CC3=C(C(=C2)OC4CCOCC4)C(=NC=N3)NC5=C(C=CC6=C5OCO6)Cl
MK-2206,C1CC(C1)(C2=CC=C(C=C2)C3=C(C=C4C(=N3)C=CN5C4=NNC5=O)C6=CC=CC=C6)N
Bosutinib,CN1CCN(CC1)CCCOC2=C(C=C3C(=C2)N=CC(=C3NC4=CC(=C(C=C4Cl)Cl)OC)C#N)OC
KIN001-244,C1=CC=C(C=C1)C(COC2=CC3=C(C=C2)NC(=O)N3)NC(=O)C4=CC=CN(C4=O)CC5=CC(=C(C=C5)F)F
Axitinib,CNC(=O)C1=CC=CC=C1SC2=CC3=C(C=C2)C(=NN3)C=CC4=CC=CC=N4
Crizotinib,CC(C1=C(C=CC(=C1Cl)F)Cl)OC2=C(N=CC(=C2)C3=CN(N=C3)C4CCNCC4)N
Elesclomol,CN(C(=S)C1=CC=CC=C1)NC(=O)CC(=O)NN(C)C(=S)C2=CC=CC=C2
ZSTK474,C1COCCN1C2=NC(=NC(=N2)N3C4=CC=CC=C4N=C3C(F)F)N5CCOCC5
TW 37,CC(C)C1=CC=CC=C1CC2=CC(=C(C(=C2O)O)O)C(=O)NC3=CC=C(C=C3)S(=O)(=O)C4=CC=CC=C4C(C)(C)C
PFI-1,CN1CC2=C(C=CC(=C2)NS(=O)(=O)C3=CC=CC=C3OC)NC1=O
Selisistat,C1CC(C2=C(C1)C3=C(N2)C=CC(=C3)Cl)C(=O)N
ICL1100013,
TAK-715,CCC1=NC(=C(S1)C2=CC(=NC=C2)NC(=O)C3=CC=CC=C3)C4=CC=CC(=C4)C
Bicalutamide,CC(CS(=O)(=O)C1=CC=C(C=C1)F)(C(=O)NC2=CC(=C(C=C2)C#N)C(F)(F)F)O
Afatinib,CN(C)CC=CC(=O)NC1=C(C=C2C(=C1)C(=NC=N2)NC3=CC(=C(C=C3)F)Cl)OC4CCOC4
GW843682X,COC1=C(C=C2C(=C1)N=CN2C3=CC(=C(S3)C(=O)N)OCC4=CC=CC=C4C(F)(F)F)OC
QL-VIII-58,
THZ-2-102-1,
Methotrexate,CN(CC1=CN=C2C(=N1)C(=NC(=N2)N)N)C3=CC=C(C=C3)C(=O)NC(CCC(=O)O)C(=O)O
Idelalisib,CCC(C1=NC2=C(C(=CC=C2)F)C(=O)N1C3=CC=CC=C3)NC4=NC=NC5=C4NC=N5
PHA-793887,CC(C)CC(=O)NC1=NNC2=C1CN(C2(C)C)C(=O)C3CCN(CC3)C
Gefitinib,COC1=C(C=C2C(=C1)N=CN=C2NC3=CC(=C(C=C3)F)Cl)OCCCN4CCOCC4
CX-5461,CC1=CN=C(C=N1)CNC(=O)C2=C3N(C4=CC=CC=C4S3)C5=C(C2=O)C=CC(=N5)N6CCCN(CC6)C
Vinorelbine ,CCC1=CC2CC(C3=C(CN(C2)C1)C4=CC=CC=C4N3)(C5=C(C=C6C(=C5)C78CCN9C7C(C=CC9)(C(C(C8N6C)(C(=O)OC)O)OC(=O)C)CC)OC)C(=O)OC
Veliparib,CC1(CCCN1)C2=NC3=C(C=CC=C3N2)C(=O)N
Serdemetan,C1=CC=C2C(=C1)C(=CN2)CCNC3=CC=C(C=C3)NC4=CC=NC=C4
BI-2536,CCC1C(=O)N(C2=CN=C(N=C2N1C3CCCC3)NC4=C(C=C(C=C4)C(=O)NC5CCN(CC5)C)OC)C
Tipifarnib,CN1C=NC=C1C(C2=CC=C(C=C2)Cl)(C3=CC4=C(C=C3)N(C(=O)C=C4C5=CC(=CC=C5)Cl)C)N
JQ12,CC(=O)NC1=CC=C(C=C1)C(=O)NC2=C(C=CC(=C2)C3=CC=CS3)N
Midostaurin,CC12C(C(CC(O1)N3C4=CC=CC=C4C5=C6C(=C7C8=CC=CC=C8N2C7=C53)CNC6=O)N(C)C(=O)C9=CC=CC=C9)OC
Lapatinib,CS(=O)(=O)CCNCC1=CC=C(O1)C2=CC3=C(C=C2)N=CN=C3NC4=CC(=C(C=C4)OCC5=CC(=CC=C5)F)Cl
VX-11e,CC1=CN=C(N=C1C2=CNC(=C2)C(=O)NC(CO)C3=CC(=CC=C3)Cl)NC4=C(C=C(C=C4)F)Cl
BMS-754807,CC1(CCCN1C2=NN3C=CC=C3C(=N2)NC4=NNC(=C4)C5CC5)C(=O)NC6=CN=C(C=C6)F
GNF-2,C1=CC(=CC(=C1)C(=O)N)C2=CC(=NC=N2)NC3=CC=C(C=C3)OC(F)(F)F
Genentech Cpd 10,
XMD15-27,
Phenformin,C1=CC=C(C=C1)CCN=C(N)N=C(N)N
Erlotinib,COCCOC1=C(C=C2C(=C1)C(=NC=N2)NC3=CC=CC(=C3)C#C)OCCOC
GSK269962A,CCN1C2=CC(=NC=C2N=C1C3=NON=C3N)OC4=CC=CC(=C4)NC(=O)C5=CC=C(C=C5)OCCN6CCOCC6
Ispinesib Mesylate,CC1=CC=C(C=C1)C(=O)N(CCCN)C(C2=NC3=C(C=CC(=C3)Cl)C(=O)N2CC4=CC=CC=C4)C(C)C.CS(=O)(=O)O
T0901317,C1=CC=C(C=C1)S(=O)(=O)N(CC(F)(F)F)C2=CC=C(C=C2)C(C(F)(F)F)(C(F)(F)F)O
Pictilisib,CS(=O)(=O)N1CCN(CC1)CC2=CC3=C(S2)C(=NC(=N3)C4=C5C=NNC5=CC=C4)N6CCOCC6
Cabozantinib,COC1=CC2=C(C=CN=C2C=C1OC)OC3=CC=C(C=C3)NC(=O)C4(CC4)C(=O)NC5=CC=C(C=C5)F
Doxorubicin,CC1C(C(CC(O1)OC2CC(CC3=C2C(=C4C(=C3O)C(=O)C5=C(C4=O)C(=CC=C5)OC)O)(C(=O)CO)O)N)O
GSK429286A,CC1=C(C(CC(=O)N1)C2=CC=C(C=C2)C(F)(F)F)C(=O)NC3=C(C=C4C(=C3)C=NN4)F
WZ-1-84,CCC(=O)N(C)C1=CC=C(C=C1)NC2=NC3=C(C(=N2)NC4CCCN(C4)C(=O)C=C)NC=N3
Talazoparib,CN1C(=NC=N1)C2C(NC3=CC(=CC4=C3C2=NNC4=O)F)C5=CC=C(C=C5)F
Vinblastine,CCC1(CC2CC(C3=C(CCN(C2)C1)C4=CC=CC=C4N3)(C5=C(C=C6C(=C5)C78CCN9C7C(C=CC9)(C(C(C8N6C)(C(=O)OC)O)OC(=O)C)CC)OC)C(=O)OC)O
GSK1904529A,CCC1=CC(=C(C=C1N2CCC(CC2)N3CCN(CC3)S(=O)(=O)C)OC)NC4=NC=CC(=N4)C5=C(N=C6N5C=CC=C6)C7=CC(=C(C=C7)OC)C(=O)NC8=C(C=CC=C8F)F
JNK-9L,Fc1cc(cc(c1)c1ccnc(n1)Nc1ccc(cc1)n1cnc(n1)N1CCOCC1)N1CCOCC1
Doramapimod,CC1=CC=C(C=C1)N2C(=CC(=N2)C(C)(C)C)NC(=O)NC3=CC=C(C4=CC=CC=C43)OCCN5CCOCC5
JW-7-24-1,COC1=CC(=CC(=C1)C2=CC3=C4C(=CN=C3C=C2)C=CC(=O)N4C5=CC(=C(C=C5)N6CCNCC6)C(F)(F)F)OC
KIN001-266,CCN1CCC(CC1)N2C=C(N=N2)CNC3=CC4=C(C(=CN=C4C(=C3)Cl)C#N)NC5=CC(=C(C=C5)F)Cl
Vorinostat,C1=CC=C(C=C1)NC(=O)CCCCCCC(=O)NO
Motesanib,CC1(CNC2=C1C=CC(=C2)NC(=O)C3=C(N=CC=C3)NCC4=CC=NC=C4)C
KIN001-260,
SL0101,CC1C(C(C(C(O1)OC2=C(OC3=CC(=CC(=C3C2=O)O)O)C4=CC=C(C=C4)O)O)OC(=O)C)OC(=O)C
XMD8-92,CCOC1=C(C=CC(=C1)N2CCC(CC2)O)NC3=NC=C4C(=N3)N(C5=CC=CC=C5C(=O)N4C)C
Tanespimycin,CC1CC(C(C(C=C(C(C(C=CC=C(C(=O)NC2=CC(=O)C(=C(C1)C2=O)NCC=C)C)OC)OC(=O)N)C)C)O)OC
LFM-A13,CC(=C(C#N)C(=O)NC1=C(C=CC(=C1)Br)Br)O
Linsitinib,CC1(CC(C1)C2=NC(=C3N2C=CN=C3N)C4=CC5=C(C=C4)C=CC(=N5)C6=CC=CC=C6)O
A-443654,CC1=C2C=C(C=CC2=NN1)C3=CC(=CN=C3)OCC(CC4=CNC5=CC=CC=C54)N
AZD6482,CC1=CN2C(=O)C=C(N=C2C(=C1)C(C)NC3=CC=CC=C3C(=O)O)N4CCOCC4
Temsirolimus,CC1CCC2CC(C(=CC=CC=CC(CC(C(=O)C(C(C(=CC(C(=O)CC(OC(=O)C3CCCCN3C(=O)C(=O)C1(O2)O)C(C)CC4CCC(C(C4)OC)OC(=O)C(C)(CO)CO)C)C)O)OC)C)C)C)OC
XMD14-99,CN1CCN(CC1)C2=CC(=C(C=C2)NC3=NC(=C(S3)C(=O)C4=C(C=CC=C4Cl)Cl)N)OC
NSC-87877,C1=CC2=C(C=C(C(=C2N=C1)O)N=NC3=CC4=C(C=C3)C=C(C=C4)S(=O)(=O)O)S(=O)(=O)O
OSI-930,C1=CC=C2C(=C1)C(=CC=N2)CNC3=C(SC=C3)C(=O)NC4=CC=C(C=C4)OC(F)(F)F
Ruxolitinib,C1CCC(C1)C(CC#N)N2C=C(C=N2)C3=C4C=CNC4=NC=N3
QL-XI-92,CC1=C(C=C(C=C1)C(=O)NC2=CC(=CC(=C2)NC(=O)C=C)C(F)(F)F)NC(=O)C3=CC=NO3
Cetuximab,CCC1=C2CN3C(=CC4=C(C3=O)COC(=O)C4(CC)O)C2=NC5=C1C=C(C=C5)OC(=O)N6CCC(CC6)N7CCCCC7.C1C(N(C2=C(N1)NC(=NC2=O)N)C=O)CNC3=CC=C(C=C3)C(=O)NC(CCC(=O)O)C(=O)O.C1=C(C(=O)NC(=O)N1)F
rTRAIL,
GSK1070916,CCN1C=C(C(=N1)C2=CC=C(C=C2)NC(=O)N(C)C)C3=C4C=C(NC4=NC=C3)C5=CC=CC(=C5)CN(C)C
BMS-345541,CC1=CC2=C(C=C1)N=C(C3=NC=C(N23)C)NCCN
Lestaurtinib,CC12C(CC(O1)N3C4=CC=CC=C4C5=C6C(=C7C8=CC=CC=C8N2C7=C53)CNC6=O)(CO)O
SNX-2112,CC1(CC2=C(C(=O)C1)C(=NN2C3=CC(=C(C=C3)C(=O)N)NC4CCC(CC4)O)C(F)(F)F)C
EHT-1864,C1COCCN1CC2=CC(=O)C(=CO2)OCCCCCSC3=C4C=CC(=CC4=NC=C3)C(F)(F)F.Cl.Cl
FTI-277,COC(=O)C(CCSC)NC(=O)C1=C(C=C(C=C1)NCC(CS)N)C2=CC=CC=C2
CCT007093,C1CC(=CC2=CC=CS2)C(=O)C1=CC3=CC=CS3
Tozasertib,CC1=CC(=NN1)NC2=CC(=NC(=N2)SC3=CC=C(C=C3)NC(=O)C4CC4)N5CCN(CC5)C
Nilotinib,CC1=C(C=C(C=C1)C(=O)NC2=CC(=CC(=C2)C(F)(F)F)N3C=C(N=C3)C)NC4=NC=CC(=N4)C5=CN=CC=C5
KIN001-270,CC1=C(C=C(C=C1)NC2=NC=NC(=C2)C3=CC(=CC=C3)N4C(=O)C5=CC=CC=C5C4=O)NS(=O)(=O)C
VNLG/124,
OSI-027,COC1=CC=CC2=C1NC(=C2)C3=C4C(=NC=NN4C(=N3)C5CCC(CC5)C(=O)O)N
Thapsigargin,CCCCCCCC(=O)OC1C2C(=C(C1OC(=O)C(=CC)C)C)C3C(C(CC2(C)OC(=O)C)OC(=O)CCC)(C(C(=O)O3)(C)O)O
Imatinib,CC1=C(C=C(C=C1)NC(=O)C2=CC=C(C=C2)CN3CCN(CC3)C)NC4=NC=CC(=N4)C5=CN=CC=C5
CGP-082996,CCNC1=CC(=NC(=N1)NC2=CC3=C(C=C2)N(C=C3)CC4=CC=CC=C4)NC5CCC(CC5)O
CMK,CC1=CC=C(C=C1)C2=C(N(C3=NC=NC(=C23)N)CCCO)C(=O)CCl
JNK Inhibitor VIII,CCOC1=C(C(=CC(=N1)NC(=O)CC2=C(C=CC(=C2)OC)OC)N)C#N
UNC0638,CC(C)N1CCC(CC1)NC2=NC(=NC3=CC(=C(C=C32)OC)OCCCN4CCCC4)C5CCCCC5
ZG-10,CN(C)CC=CC(=O)NC1=CC=C(C=C1)C(=O)NC2=CC=CC(=C2)NC3=NC=CC(=N3)C4=CN=CC=C4
GW441756,CN1C=C(C2=CC=CC=C21)C=C3C4=C(C=CC=N4)NC3=O
PAC-1,C=CCC1=C(C(=CC=C1)C=NNC(=O)CN2CCN(CC2)CC3=CC=CC=C3)O
CUDC-101,COC1=C(C=C2C(=C1)N=CN=C2NC3=CC=CC(=C3)C#C)OCCCCCCC(=O)NO
NVP-BHG712,CC1=C(C=C(C=C1)C(=O)NC2=CC=CC(=C2)C(F)(F)F)NC3=C4C=NN(C4=NC(=N3)C5=CN=CC=C5)C
THZ-2-49,
ZM447439,COC1=C(C=C2C(=C1)C(=NC=N2)NC3=CC=C(C=C3)NC(=O)C4=CC=CC=C4)OCCCN5CCOCC5
GW-2580,COC1=CC=C(C=C1)COC2=C(C=C(C=C2)CC3=CN=C(N=C3N)N)OC
KU-55933,C1COCCN1C2=CC(=O)C=C(O2)C3=C4C(=CC=C3)SC5=CC=CC=C5S4
Obatoclax Mesylate,CC1=CC(=C(N1)C=C2C(=CC(=C3C=C4C=CC=CC4=N3)N2)OC)C.CS(=O)(=O)O
Bleomycin,CC1=C(N=C(N=C1N)C(CC(=O)N)NCC(C(=O)N)N)C(=O)NC(C(C2=CN=CN2)OC3C(C(C(C(O3)CO)O)O)OC4C(C(C(C(O4)CO)O)OC(=O)N)O)C(=O)NC(C)C(C(C)C(=O)NC(C(C)O)C(=O)NCCC5=NC(=CS5)C6=NC(=CS6)C(=O)NCCC[S+](C)C)O
STF-62247,CC1=CC(=CC=C1)NC2=NC(=CS2)C3=CC=NC=C3
KIN001-236,
NSC-207895,CN1CCN(CC1)C2=CC=C(C3=NO[N+](=C23)[O-])[N+](=O)[O-]
Olaparib,C1CC1C(=O)N2CCN(CC2)C(=O)C3=C(C=CC(=C3)CC4=NNC(=O)C5=CC=CC=C54)F
Avagacestat,C1=CC(=CC=C1S(=O)(=O)N(CC2=C(C=C(C=C2)C3=NOC=N3)F)C(CCC(F)(F)F)C(=O)N)Cl
Ponatinib,CC1=C(C=C(C=C1)C(=O)NC2=CC(=C(C=C2)CN3CCN(CC3)C)C(F)(F)F)C#CC4=CN=C5N4N=CC=C5
CI-1040,C1CC1CONC(=O)C2=C(C(=C(C=C2)F)F)NC3=C(C=C(C=C3)I)Cl
Trametinib,CC1=C2C(=C(N(C1=O)C)NC3=C(C=C(C=C3)I)F)C(=O)N(C(=O)N2C4=CC=CC(=C4)NC(=O)C)C5CC5
PF-562271,CN(C1=C(C=CC=N1)CNC2=NC(=NC=C2C(F)(F)F)NC3=CC4=C(C=C3)NC(=O)C4)S(=O)(=O)C
Etoposide,CC1OCC2C(O1)C(C(C(O2)OC3C4COC(=O)C4C(C5=CC6=C(C=C35)OCO6)C7=CC(=C(C(=C7)OC)O)OC)O)O
XMD13-2,C1CC1C(=O)NC2=NNC3=C2C=CC(=C3)C4=CC(=CC=C4)C(=O)NC5CC5
HG6-64-1,CCN1CCN(CC1)CC2=C(C=C(C=C2)NC(=O)C3=CC(=C(C=C3)C)C=CC4=CN=C5C(=C4OC)C=CN5)C(F)(F)F
XMD8-85,CN1CCN(CC1)C2=CC(=C(C=C2)NC3=NC=C4C(=N3)N(C5=CC=CC=C5C(=O)N4C)C)OC
BX795,C1CCN(C1)C(=O)NC2=CC=CC(=C2)NC3=NC=C(C(=N3)NCCCNC(=O)C4=CC=CS4)I
WH-4-023,CC1=C(C(=CC=C1)C)OC(=O)N(C2=C(C=C(C=C2)OC)OC)C3=NC(=NC=C3)NC4=CC=C(C=C4)N5CCN(CC5)C
BIX02189,CN(C)CC1=CC(=CC=C1)N=C(C2=CC=CC=C2)C3=C(NC4=C3C=CC(=C4)C(=O)N(C)C)O
Amuvatinib,C1CN(CCN1C2=NC=NC3=C2OC4=CC=CC=C43)C(=S)NCC5=CC6=C(C=C5)OCO6
Nutlin-3a (-),CC(C)OC1=C(C=CC(=C1)OC)C2=NC(C(N2C(=O)N3CCNC(=O)C3)C4=CC=C(C=C4)Cl)C5=CC=C(C=C5)Cl
XAV939,C1CSCC2=C1N=C(NC2=O)C3=CC=C(C=C3)C(F)(F)F
Masitinib,CC1=C(C=C(C=C1)NC(=O)C2=CC=C(C=C2)CN3CCN(CC3)C)NC4=NC(=CS4)C5=CN=CC=C5
Palbociclib,CC1=C(C(=O)N(C2=NC(=NC=C12)NC3=NC=C(C=C3)N4CCNCC4)C5CCCC5)C(=O)C
CHIR-99021,CC1=CN=C(N1)C2=CN=C(N=C2C3=C(C=C(C=C3)Cl)Cl)NCCNC4=NC=C(C=C4)C#N
Pazopanib,CC1=C(C=C(C=C1)NC2=NC=CC(=N2)N(C)C3=CC4=NN(C(=C4C=C3)C)C)S(=O)(=O)N
CGP-60474,C1=CC(=CC(=C1)Cl)NC2=NC=CC(=N2)C3=CC(=NC=C3)NCCCO
SN-38,CCC1=C2CN3C(=CC4=C(C3=O)COC(=O)C4(CC)O)C2=NC5=C1C=C(C=C5)O
UNC1215,C1CCN(C1)C2CCN(CC2)C(=O)C3=CC(=C(C=C3)C(=O)N4CCC(CC4)N5CCCC5)NC6=CC=CC=C6
JW-7-52-1,
AR-42,CC(C)C(C1=CC=CC=C1)C(=O)NC2=CC=C(C=C2)C(=O)NO
Alectinib,CCC1=CC2=C(C=C1N3CCC(CC3)N4CCOCC4)C(C5=C(C2=O)C6=C(N5)C=C(C=C6)C#N)(C)C
Tretinoin,CC1=C(C(CCC1)(C)C)C=CC(=CC=CC(=CC(=O)O)C)C
SB590885,CN(C)CCOC1=CC=C(C=C1)C2=NC(=C(N2)C3=CC=NC=C3)C4=CC5=C(C=C4)C(=NO)CC5
GSK690693,CCN1C2=C(C(=NC=C2OCC3CCCNC3)C#CC(C)(C)O)N=C1C4=NON=C4N
OSU-03012,C1=CC=C2C(=C1)C=CC3=C2C=CC(=C3)C4=CC(=NN4C5=CC=C(C=C5)NC(=O)CN)C(F)(F)F
CCT-018159,CCC1=CC(=C(C=C1O)O)C2=NNC(=C2C3=CC4=C(C=C3)OCCO4)C
PI-103,C1COCCN1C2=NC(=NC3=C2OC4=C3C=CC=N4)C5=CC(=CC=C5)O
NPK76-II-72-1,CC1CC(=O)N(C2=CN=C(N=C2N1C3CCCC3)NC4=C(C=C(C=C4)C(=O)NC5CCN(CC5)C)OC)C
BX-912,C1CCN(C1)C(=O)NC2=CC=CC(=C2)NC3=NC=C(C(=N3)NCCC4=CN=CN4)Br
IOX2,C1=CC=C(C=C1)CN2C3=CC=CC=C3C(=C(C2=O)C(=O)NCC(=O)O)O
SB505124,CC1=NC(=CC=C1)C2=C(N=C(N2)C(C)(C)C)C3=CC4=C(C=C3)OCO4
Bexarotene,CC1=CC2=C(C=C1C(=C)C3=CC=C(C=C3)C(=O)O)C(CCC2(C)C)(C)C
PD173074,CCN(CC)CCCCNC1=NC2=NC(=C(C=C2C=N1)C3=CC(=CC(=C3)OC)OC)NC(=O)NC(C)(C)C
Dactolisib,CC(C)(C#N)C1=CC=C(C=C1)N2C3=C4C=C(C=CC4=NC=C3N(C2=O)C)C5=CC6=CC=CC=C6N=C5
AKT inhibitor VIII,C1CN(CCC1N2C3=CC=CC=C3NC2=O)CC4=CC=C(C=C4)C5=C(N=C6C=C7C(=NC=N7)C=C6N5)C8=CC=CC=C8
BAY-61-3606,COC1=C(C=C(C=C1)C2=CC3=NC=CN3C(=N2)NC4=C(C=CC=N4)C(=O)N)OC.Cl.Cl
I-BET-762,CCNC(=O)CC1C2=NN=C(N2C3=C(C=C(C=C3)OC)C(=N1)C4=CC=C(C=C4)Cl)C
MG-132,CC(C)CC(C=O)NC(=O)C(CC(C)C)NC(=O)C(CC(C)C)NC(=O)OCC1=CC=CC=C1
Vismodegib,CS(=O)(=O)C1=CC(=C(C=C1)C(=O)NC2=CC(=C(C=C2)Cl)C3=CC=CC=N3)Cl
Tubastatin A,CN1CCC2=C(C1)C3=CC=CC=C3N2CC4=CC=C(C=C4)C(=O)NO
Pyrimethamine,CCC1=C(C(=NC(=N1)N)N)C2=CC=C(C=C2)Cl
Selumetinib,CN1C=NC2=C1C=C(C(=C2F)NC3=C(C=C(C=C3)Br)Cl)C(=O)NOCCO
JQ1,CC1=C(SC2=C1C(=NC(C3=NN=C(N32)C)CC(=O)OC(C)(C)C)C4=CC=C(C=C4)Cl)C
AZD8055,CC1COCCN1C2=NC(=NC3=C2C=CC(=N3)C4=CC(=C(C=C4)OC)CO)N5CCOCC5C
BMS-536924,CC1=CC(=CC2=C1N=C(N2)C3=C(C=CNC3=O)NCC(C4=CC(=CC=C4)Cl)O)N5CCOCC5
Fedratinib,CC1=CN=C(N=C1NC2=CC(=CC=C2)S(=O)(=O)NC(C)(C)C)NC3=CC=C(C=C3)OCCN4CCCC4
Sepantronium bromide,CC1=[N+](C2=C(N1CCOC)C(=O)C3=CC=CC=C3C2=O)CC4=NC=CN=C4.[Br-]
TL-2-105,
VX-702,C1=CC(=C(C(=C1)F)N(C2=NC(=C(C=C2)C(=O)N)C3=C(C=C(C=C3)F)F)C(=O)N)F
WZ3105,CC(C)N1C=NC2=C(N=C(N=C21)NC3CCC(CC3)N(C)C)NC4=CC(=CC=C4)NC(=O)C=C
Gemcitabine,C1=CN(C(=O)N=C1N)C2C(C(C(O2)CO)O)(F)F
SB216763,CN1C=C(C2=CC=CC=C21)C3=C(C(=O)NC3=O)C4=C(C=C(C=C4)Cl)Cl
Dacinostat,C1=CC=C2C(=C1)C(=CN2)CCN(CCO)CC3=CC=C(C=C3)C=CC(=O)NO
Shikonin,CC(=CCC(C1=CC(=O)C2=C(C=CC(=C2C1=O)O)O)O)C
